{"cameraMode":{"drawMode":0,"name":"Shaded","section":"Shading Mode"},"sceneLighting":false,"audioPlay":false,"sceneViewState":{"showFog":true,"showMaterialUpdate":false,"showSkybox":false,"showFlares":true,"showImageEffects":true,"showParticleSystems":true,"showVisualEffectGraphs":true,"m_FxEnabled":true},"in2DMode":false,"pivot":{"x":691.2130737304688,"y":212.00503540039063,"z":232.66824340820313},"rotation":{"x":-0.0946558490395546,"y":-0.015830982476472856,"z":0.0015053945826366544,"w":-0.9953837394714356},"size":399.2091979980469,"orthographic":false}